No,Q2-1,Q2-2,Q2-3,Q2-4,Q2-5,Q2-6,Q2-7,Q2-8,Q2-9,Q2-11,Q2-12,Q3-1,Q3-2,Q3-3,Q3-4,Q3-5,Q3-6,Q3-7,Q3-8,Q3-9,Q3-10,Q3-11,Q3-12,Q3-13,Q3-14,Q3-15,Q3-16,Q3-17,Q3-18,Q3-19,Q3-20,Q3-21,Q3-22,Q3-23,Q3-24,Q3-25,Q3-26,Q13-1,Q13-2,Q13-3,Q13-4,Q13-5,Q13-6,Q13-7,Q13-8,Q13-9,Q13-10,Q13-11
1,2,4,3,3,4,2,2,2,2,2,2,2,2,2,1,3,3,3,3,2,3,3,3,3,3,3,1,2,4,3,3,4,4,2,4,3,3,2,3,3,2,2,3,2,3,3,2,3
2,3,1,5,4,5,2,3,1,3,3,1,3,3,2,2,2,3,3,4,3,3,2,3,4,2,3,2,4,4,3,2,3,3,2,2,2,3,3,2,3,2,2,3,3,4,3,2,4
3,5,1,5,5,5,3,3,1,1,1,1,1,5,2,1,3,3,2,4,1,1,1,3,5,3,3,1,5,5,5,3,5,3,3,5,3,5,5,5,3,4,2,4,3,2,2,4,5
4,2,2,3,3,4,2,3,3,3,3,2,2,3,3,3,3,3,3,3,3,3,3,3,3,3,4,3,5,3,3,3,5,2,2,3,3,3,3,3,3,3,3,3,3,3,3,3,3
5,4,1,3,5,5,2,2,3,3,1,1,3,3,2,3,1,3,3,4,3,3,3,4,2,4,1,5,5,3,3,1,2,3,3,3,2,1,3,3,3,3,3,3,3,3,3,3,3
6,5,1,2,5,5,1,1,1,1,1,1,1,5,2,1,5,1,1,1,1,1,1,1,5,3,3,2,2,1,3,5,4,5,1,5,2,2,2,4,4,1,1,3,2,1,1,3,5
7,3,3,3,3,4,2,2,3,3,2,3,3,3,2,2,2,2,3,3,2,3,3,3,3,3,2,3,3,3,3,3,3,3,2,3,2,3,3,3,3,3,3,3,3,3,3,2,2
8,4,1,3,4,3,3,3,3,3,1,1,2,2,3,3,1,4,4,4,3,3,2,4,2,3,2,4,5,4,4,1,4,1,3,4,3,5,2,5,3,3,2,3,3,3,3,2,3
9,2,3,3,3,4,2,2,2,3,1,1,3,2,3,3,2,3,3,4,3,3,3,3,3,3,3,3,4,4,3,3,3,2,3,4,3,3,2,4,4,3,2,2,3,3,3,3,3
10,5,1,5,5,5,1,1,1,1,1,1,3,3,3,3,3,3,3,3,3,3,2,3,4,3,3,5,3,3,3,3,3,5,2,2,3,3,3,5,3,3,3,2,3,3,3,2,4
11,3,2,3,3,3,2,2,2,3,1,2,2,2,2,2,2,2,2,3,2,3,2,3,2,3,3,3,4,3,3,2,3,2,3,3,2,2,4,4,2,3,2,3,3,4,4,2,4
12,3,3,3,3,3,3,3,3,3,3,3,3,4,3,2,3,3,3,3,2,4,3,4,3,3,3,5,3,3,4,3,3,3,3,4,3,4,3,5,3,3,4,1,3,3,3,2,5
13,3,2,5,5,5,1,1,3,4,1,1,2,3,2,1,3,2,2,1,1,1,1,3,4,3,4,1,3,2,4,5,4,4,1,5,2,4,3,5,3,2,1,2,3,3,3,3,5
14,4,3,3,3,4,2,3,2,2,2,2,3,4,4,3,2,2,3,4,2,2,2,3,3,4,3,4,4,4,4,1,2,4,3,4,2,4,3,5,1,3,3,2,2,3,2,2,3
15,1,1,3,2,3,1,3,1,3,1,1,1,1,2,2,1,3,3,3,1,1,1,1,3,3,3,3,3,2,3,3,3,1,3,3,3,3,2,5,3,2,1,3,3,3,3,2,4
16,5,1,2,3,4,3,3,2,3,1,1,2,4,4,3,1,4,3,5,3,3,4,4,3,2,2,5,5,5,5,3,3,1,4,4,4,2,4,5,1,1,2,1,4,4,3,5,2
17,3,1,3,3,5,1,3,2,3,1,1,3,3,3,1,3,3,3,3,3,3,3,3,3,3,3,1,4,3,3,3,3,2,3,3,3,3,3,3,3,3,3,3,3,3,3,3,3
18,2,2,2,1,2,4,4,2,4,2,4,2,2,2,4,4,4,4,4,4,4,4,5,4,2,4,5,4,3,4,4,4,2,3,4,5,4,5,5,3,3,4,5,5,5,2,1,5
19,1,2,4,4,5,3,3,2,4,2,2,2,4,4,2,1,5,5,5,4,5,4,3,2,5,4,5,4,4,4,4,5,1,5,5,5,2,5,5,2,2,2,4,4,2,3,2,3
20,4,2,3,4,4,2,2,2,3,2,2,1,3,3,2,3,4,3,5,2,2,2,3,3,2,3,3,5,3,4,3,3,1,2,3,2,1,3,5,2,2,2,3,2,2,2,2,2
21,3,2,3,3,4,2,2,2,3,2,1,2,2,2,2,3,2,2,2,2,2,2,3,4,2,3,4,3,2,4,3,4,4,2,4,2,3,3,5,3,2,2,2,3,3,2,3,2
22,3,1,5,2,3,1,1,1,5,1,1,2,2,2,2,2,2,2,2,2,2,2,2,2,2,2,5,5,2,3,2,5,4,2,5,2,2,4,5,2,4,2,2,2,2,2,2,2
23,3,2,3,3,4,2,4,2,3,2,2,2,3,2,1,2,3,2,4,2,2,3,3,4,4,3,2,4,4,3,3,5,3,2,3,2,3,2,2,4,2,2,2,2,3,3,3,5
24,3,3,3,3,4,2,2,3,3,3,3,3,3,3,2,3,3,3,3,2,2,2,3,3,3,2,3,3,3,3,3,3,3,3,3,3,3,3,3,3,3,3,3,3,3,3,2,2
25,3,2,3,3,4,3,3,2,3,1,3,2,3,3,2,3,3,3,3,2,3,3,3,4,2,3,4,3,3,3,3,3,4,3,3,2,2,3,4,2,3,2,2,2,3,2,2,4
26,2,3,5,3,3,2,3,3,4,2,2,2,3,3,3,4,2,3,3,2,3,2,2,4,2,4,5,3,3,5,3,4,5,1,4,2,3,4,5,3,2,2,2,5,3,3,2,4
27,3,1,5,2,3,3,4,1,3,1,2,2,3,3,3,3,3,3,3,3,3,3,3,3,3,3,2,3,3,3,3,3,2,3,3,3,3,3,3,3,3,3,3,3,3,2,2,3
28,4,3,3,2,3,2,2,3,2,2,3,3,3,3,3,2,2,2,2,2,2,3,2,3,2,2,3,3,2,3,2,3,3,3,2,2,3,2,3,2,1,2,2,3,2,2,2,3
29,3,2,3,5,4,2,2,1,4,2,2,4,4,2,2,2,3,4,4,1,2,2,3,4,3,4,3,4,3,5,4,4,5,3,5,2,3,2,5,4,2,1,2,3,2,1,3,5
30,5,1,5,3,5,1,1,1,1,1,1,1,3,1,1,2,3,2,1,1,1,2,2,2,4,4,2,1,2,2,2,3,2,3,4,1,2,2,2,4,1,1,3,2,1,3,2,3
31,5,4,2,2,2,4,4,2,3,1,2,4,5,2,4,3,2,3,5,1,4,2,3,5,1,1,5,5,5,4,5,3,1,2,5,1,2,2,5,5,5,1,1,1,1,2,3,2
32,4,1,4,5,3,3,3,2,4,1,2,2,4,2,2,2,4,2,4,2,2,2,3,3,2,3,4,5,4,4,2,4,3,3,5,2,3,1,3,4,3,3,2,3,3,3,2,5
33,3,1,3,1,5,1,2,1,5,1,2,1,5,2,2,3,4,3,4,3,3,2,3,3,3,3,5,5,4,5,4,5,3,2,3,2,4,4,5,4,2,1,2,2,3,3,2,4
34,3,1,4,4,4,2,2,3,3,2,2,3,2,2,3,3,2,3,3,3,3,3,2,2,3,3,2,3,3,3,2,3,4,2,2,3,3,3,3,2,3,2,3,3,2,3,3,2
35,5,1,3,5,5,3,1,1,5,1,1,3,4,2,2,2,3,2,4,1,3,2,3,3,3,3,1,3,5,3,2,3,3,4,5,2,3,2,5,5,4,2,2,2,2,3,2,4
36,1,5,1,2,4,1,1,2,3,1,1,1,1,1,1,2,4,2,1,2,4,2,4,1,3,3,3,1,1,3,2,2,1,2,4,3,1,1,5,3,2,1,1,1,1,1,1,1
37,5,2,2,4,5,3,2,3,2,2,2,3,3,3,4,3,3,4,4,3,4,3,4,3,2,5,5,4,4,3,3,4,4,2,4,3,4,5,5,5,5,5,5,5,5,5,3,3
38,1,3,5,2,5,1,3,1,4,1,1,2,5,2,1,1,5,3,5,2,3,2,2,4,3,2,5,5,5,3,4,5,3,2,5,5,3,4,5,3,5,3,1,3,1,3,2,5
39,5,1,5,1,3,5,5,2,3,2,2,1,2,2,2,2,5,3,3,2,3,2,2,2,2,2,5,4,4,2,3,5,1,3,4,3,1,3,4,2,2,2,2,3,4,2,3,2
40,3,2,3,2,3,2,2,2,4,2,2,1,2,2,2,3,2,3,5,3,3,3,3,3,2,3,5,5,4,2,2,3,3,2,2,2,2,4,5,3,3,4,2,3,3,3,1,5
41,3,2,4,4,5,2,2,2,4,1,2,2,3,2,1,3,3,2,2,2,3,2,3,3,3,3,2,3,3,4,4,3,3,2,4,2,3,3,5,2,3,2,2,3,3,3,4,4
42,3,2,3,3,2,4,4,3,3,2,3,3,3,3,3,3,3,3,3,3,3,3,3,3,3,3,3,4,4,3,3,3,1,3,3,3,3,3,5,3,3,3,3,3,5,1,3,3
43,4,2,4,3,4,2,2,2,4,2,2,2,3,2,2,3,2,2,3,2,2,2,2,4,3,2,2,4,4,3,3,3,3,2,4,2,3,3,2,3,4,1,2,3,3,3,3,5
44,3,2,4,3,3,2,2,1,3,1,1,1,1,1,1,1,5,2,5,1,3,2,5,4,4,3,5,5,3,2,3,4,1,2,5,2,2,4,5,1,2,1,1,2,3,2,1,3
45,2,4,2,2,3,2,2,2,3,2,2,2,2,2,2,2,3,3,3,3,3,3,3,3,3,2,3,3,3,3,3,3,2,3,3,3,3,3,3,2,3,2,3,2,2,2,2,3
46,3,1,4,5,5,1,1,1,4,2,2,2,3,2,1,2,3,2,3,1,2,2,2,1,2,3,4,3,2,3,4,3,5,1,5,1,5,3,3,3,1,1,3,3,2,3,4,1
47,4,1,5,4,4,2,3,2,3,1,2,2,3,2,3,1,3,3,3,3,3,3,4,2,3,3,2,3,3,3,2,3,1,3,4,3,2,3,3,3,3,1,3,2,3,3,2,4
48,3,3,2,2,3,2,2,3,3,2,2,3,3,3,3,3,3,3,3,3,3,3,3,3,3,3,3,3,3,3,3,3,3,3,3,3,2,5,5,2,3,4,3,2,4,2,2,1
49,2,4,4,2,3,3,4,3,4,2,2,1,3,2,2,1,5,4,4,3,3,3,2,4,3,2,4,4,4,2,4,4,2,2,5,4,4,4,5,2,4,2,2,2,3,3,3,2
50,2,2,2,3,4,2,2,2,3,2,2,1,2,2,2,2,4,3,3,2,2,2,3,3,2,3,5,3,3,4,2,2,3,2,5,2,2,2,4,4,3,2,2,2,2,3,2,3
51,1,1,1,1,1,1,1,1,1,1,1,2,2,2,2,2,2,2,2,2,2,2,2,2,2,2,2,2,2,2,2,2,2,2,2,2,2,2,2,2,2,2,2,2,2,2,2,2
52,3,2,3,3,4,2,2,2,3,2,2,2,3,2,2,2,3,3,3,3,3,2,4,3,4,3,5,4,4,4,3,3,4,2,2,2,2,4,5,3,4,2,3,3,4,4,2,4
53,3,4,4,4,4,3,4,2,4,3,3,3,3,2,2,2,3,3,4,2,3,2,2,4,2,4,4,4,3,3,2,4,3,3,3,2,4,2,4,4,4,2,2,2,2,3,4,1
54,3,1,5,2,5,1,1,1,1,1,1,1,5,1,1,3,1,1,1,1,4,1,3,1,4,1,2,4,4,3,5,5,5,1,5,1,1,1,5,3,1,1,3,3,1,3,1,1
55,3,4,4,2,3,3,3,3,3,2,2,2,4,2,2,2,4,4,4,3,3,2,4,2,4,3,3,4,3,3,2,4,2,2,2,4,2,4,5,2,3,2,2,2,2,2,1,4
56,1,5,4,1,2,3,3,3,3,1,1,1,3,1,1,3,2,1,5,1,1,2,3,3,2,3,1,5,3,3,3,3,3,1,3,1,1,2,3,2,3,1,2,1,2,1,1,4
57,3,2,3,3,3,3,3,2,2,2,2,3,3,2,3,2,4,3,3,2,3,3,3,2,2,2,4,4,4,4,2,3,2,3,3,3,3,2,4,4,2,1,3,2,4,3,3,3
58,2,3,4,1,3,3,3,2,2,1,2,1,2,1,2,2,3,2,2,2,3,2,3,3,2,3,2,2,2,2,3,3,3,2,3,3,3,3,5,3,2,1,2,2,2,2,3,2
59,2,2,3,2,4,2,2,2,4,2,2,2,2,2,2,2,2,1,2,2,2,2,2,2,2,2,2,2,2,2,2,2,3,2,2,2,2,2,2,2,2,2,2,3,2,2,2,2
60,3,2,3,4,5,3,3,3,3,3,2,1,2,2,1,2,4,3,3,3,3,3,5,3,2,4,4,3,2,3,2,5,1,3,5,4,1,4,4,2,3,2,4,2,3,3,2,5
61,4,2,3,4,4,2,2,1,3,2,1,3,4,3,2,3,3,3,5,3,4,3,4,5,3,3,3,4,5,3,2,5,2,3,3,3,3,5,5,5,5,3,5,5,3,3,2,4
62,4,2,4,4,3,3,3,2,4,2,2,2,2,2,2,2,3,2,4,2,3,2,3,3,2,2,3,4,4,3,3,4,2,3,4,3,2,4,4,3,4,2,3,3,3,4,2,4
63,3,2,4,2,3,2,2,2,3,1,1,2,3,3,2,1,3,2,4,2,3,2,4,2,3,4,4,5,5,3,3,3,2,2,4,3,1,3,2,2,2,2,3,3,4,3,2,2
64,3,3,3,3,3,3,3,3,3,3,3,3,3,3,3,3,3,3,3,3,3,3,3,3,3,3,3,3,3,3,3,3,3,3,3,3,3,3,3,3,3,3,3,3,3,3,3,3
65,2,4,5,1,3,5,5,1,2,1,1,1,2,2,2,1,5,3,5,4,2,5,3,1,5,1,5,5,5,1,1,3,1,5,4,3,2,1,5,4,1,1,3,4,2,2,2,1
66,2,2,3,3,3,2,2,2,3,2,2,2,3,2,2,3,3,2,3,2,3,2,3,3,3,3,3,3,3,3,2,3,4,2,3,2,3,4,4,2,3,2,3,3,3,3,2,4
67,1,4,2,2,4,2,2,1,3,1,1,1,3,3,1,2,4,4,4,4,4,3,4,2,3,2,3,4,4,4,4,4,2,3,4,4,4,4,5,2,4,1,2,4,5,2,1,5
68,5,1,3,3,5,3,5,1,1,1,1,1,3,1,1,1,5,3,5,3,3,2,5,3,2,1,1,5,5,1,3,3,1,1,5,3,1,5,5,1,3,3,3,3,5,1,1,5
69,3,2,3,4,2,2,2,2,4,2,1,3,4,2,2,2,3,2,4,2,2,1,4,5,2,3,2,5,5,3,2,5,3,1,2,2,5,4,5,3,2,3,3,5,3,3,3,4
70,2,1,3,3,4,3,5,3,3,1,1,3,1,3,1,3,1,1,1,1,1,1,5,3,3,5,5,5,3,3,5,5,2,3,1,1,4,4,5,5,1,3,3,3,3,3,1,3
71,1,1,3,3,3,1,1,2,4,1,1,1,1,1,1,3,1,1,1,1,2,1,4,3,3,3,3,3,1,3,4,3,5,1,3,1,3,4,5,3,3,1,2,5,2,3,2,3
72,1,3,5,5,5,1,1,1,3,1,1,2,5,1,1,3,1,1,3,1,1,1,3,5,1,3,5,5,5,3,3,3,5,1,5,1,3,3,3,3,3,1,2,1,1,1,1,5
73,4,1,3,2,3,3,3,1,3,3,2,1,2,2,2,1,3,3,3,3,3,3,3,2,3,3,5,3,3,3,1,3,1,3,3,3,1,2,5,4,3,1,2,1,1,3,2,3
74,3,3,3,3,4,2,3,3,3,2,2,2,2,1,2,3,3,2,3,2,3,2,4,4,1,3,2,3,3,3,3,2,2,2,3,3,2,5,3,4,3,1,2,2,4,2,3,3
75,2,3,2,3,4,1,1,1,3,1,1,3,3,3,1,4,1,1,2,1,1,1,2,3,2,3,3,4,3,4,4,3,5,1,4,2,3,2,3,3,3,2,3,3,2,2,3,5
76,2,2,4,4,4,2,2,2,4,2,3,2,3,3,2,3,3,3,3,2,2,2,2,4,3,3,3,3,3,3,3,3,3,3,3,3,4,2,2,2,2,2,2,2,2,2,2,3
77,2,3,3,3,3,3,3,3,3,2,3,3,3,3,2,2,3,3,3,3,3,3,3,3,3,2,4,3,3,3,3,3,2,3,5,3,2,5,5,5,5,5,5,5,5,5,1,3
78,3,2,2,2,4,2,2,2,2,2,3,3,3,2,2,3,3,3,3,2,3,3,2,2,2,3,3,3,3,3,3,2,3,3,3,3,3,1,2,1,1,1,1,1,2,2,3,2
79,1,3,3,3,3,3,3,2,3,2,2,2,3,2,3,3,3,3,3,2,2,2,2,3,2,3,2,3,3,3,2,3,3,2,3,3,3,1,3,3,2,1,2,2,2,2,3,2
80,4,5,1,1,2,5,5,2,4,2,1,1,3,1,1,1,3,2,2,1,2,3,2,4,3,2,5,4,1,2,3,5,1,1,5,2,5,1,5,3,2,1,4,3,1,1,5,1
81,2,3,3,3,3,3,3,3,3,2,3,2,3,2,3,3,3,2,3,2,2,2,3,3,3,3,3,3,3,3,3,3,3,3,3,3,3,2,2,3,2,2,3,3,2,3,3,2
82,5,3,3,3,3,4,4,2,2,3,3,1,2,1,2,1,3,1,5,2,4,3,2,1,4,1,3,5,5,3,3,5,1,1,5,5,4,2,5,4,2,1,2,2,4,2,3,4
83,5,1,5,5,5,3,3,2,5,2,1,2,3,4,3,1,5,4,4,3,5,5,4,2,4,3,5,5,4,4,2,5,1,4,5,5,4,5,5,3,3,4,3,4,3,3,2,5
84,1,2,5,1,5,4,5,2,4,2,2,2,2,1,2,1,4,2,2,2,2,1,2,2,2,2,4,4,2,4,4,5,1,5,4,2,4,2,2,2,2,2,2,2,2,2,2,3
85,2,4,2,2,3,3,3,2,3,2,2,1,3,2,1,2,4,3,4,2,3,2,3,1,3,2,5,5,4,3,2,3,3,2,3,3,1,2,3,3,3,3,2,2,3,3,3,2
86,1,4,5,2,5,2,2,1,3,2,1,1,2,2,1,2,5,3,3,1,2,2,3,3,2,2,3,4,3,3,3,4,2,2,5,3,2,3,5,2,5,1,3,4,2,3,2,1
87,5,1,5,5,5,5,5,1,5,1,1,1,5,1,5,1,5,5,5,5,5,5,3,1,3,3,5,5,5,3,1,5,1,3,3,5,1,1,5,5,1,1,3,3,1,5,5,1
88,2,4,2,2,4,4,3,1,2,2,2,2,2,2,2,1,4,3,4,3,3,3,3,3,3,3,3,5,4,4,3,3,2,2,4,3,3,3,3,3,3,2,2,1,3,2,2,4
89,3,3,3,3,3,3,3,3,3,3,3,3,3,3,3,3,3,3,3,3,3,3,3,3,3,3,3,3,3,3,3,3,3,3,3,3,3,3,3,3,3,3,3,3,3,3,3,3
90,2,1,3,3,5,3,2,1,5,2,1,1,4,2,1,3,2,1,5,1,1,1,3,3,2,1,5,5,4,4,1,1,3,3,4,1,4,2,5,1,5,1,1,5,4,1,2,4
91,3,2,2,3,4,2,2,3,3,2,2,2,3,3,2,3,3,2,3,2,2,2,3,3,3,3,3,3,3,3,3,3,3,2,3,2,3,3,3,3,3,2,3,2,2,2,2,4
92,1,3,3,1,1,5,5,3,3,1,1,1,3,2,4,1,5,5,5,5,3,3,3,1,5,1,5,5,5,3,1,3,1,2,5,5,2,3,4,3,2,2,3,2,3,3,1,5
93,4,2,3,3,4,2,2,2,4,2,2,3,3,2,2,3,3,3,4,2,3,4,4,2,3,4,2,3,3,4,2,3,3,3,4,2,3,4,4,4,4,2,2,3,2,4,3,3
94,5,1,3,1,4,2,2,3,4,2,2,1,3,2,2,2,5,4,4,3,4,3,5,3,3,3,3,4,3,3,3,3,3,2,5,4,2,5,5,3,3,2,2,2,3,3,3,5
95,2,3,1,3,3,3,3,3,3,3,3,3,3,3,3,3,3,3,3,3,3,3,3,3,3,3,3,3,3,3,3,3,3,3,3,3,3,3,3,3,1,3,3,3,3,3,2,5
96,1,2,3,3,3,2,2,2,3,2,2,2,3,2,2,3,2,2,2,2,2,2,3,5,3,3,3,2,1,3,3,3,3,4,3,3,3,1,1,3,1,1,3,2,2,2,2,5
97,1,3,3,4,5,1,2,2,5,2,2,1,1,2,1,2,3,2,3,2,2,2,5,1,2,2,2,3,3,3,3,3,1,2,5,4,4,4,5,2,5,2,2,2,5,2,1,1
98,3,3,2,3,3,2,2,2,3,2,2,2,2,2,2,3,3,3,3,3,2,2,3,2,2,3,3,3,3,3,2,3,3,2,3,3,3,3,3,3,3,3,3,3,3,3,2,4
99,1,2,2,2,2,3,2,2,3,2,2,3,3,2,2,2,3,2,2,2,2,2,2,4,2,2,2,3,2,3,2,2,3,2,2,2,2,2,2,2,2,2,2,2,2,2,2,3
100,1,4,1,1,2,4,3,3,3,2,3,1,1,2,3,2,3,3,5,5,2,2,2,4,3,3,3,5,5,3,1,1,3,3,3,2,1,2,3,3,3,3,3,3,3,3,2,4
101,1,4,2,2,3,3,3,3,3,2,2,2,2,3,2,3,3,3,4,2,3,4,3,4,3,3,3,4,4,3,2,3,3,3,3,2,2,4,4,4,4,2,3,2,3,3,2,4
102,3,2,3,3,3,3,3,2,4,2,2,2,4,2,3,1,5,2,4,3,4,3,5,1,2,2,3,3,4,4,2,5,2,3,4,4,2,3,4,2,4,2,3,1,3,3,4,1
103,2,1,2,4,5,1,1,3,1,1,1,1,2,1,2,1,4,2,4,2,1,5,2,2,3,2,2,4,2,1,4,4,1,2,5,5,4,2,5,4,5,1,1,4,2,2,2,2
104,5,1,5,3,5,3,3,1,3,1,1,1,5,1,1,1,3,3,1,3,3,3,3,1,3,3,5,5,3,1,1,3,1,5,3,1,1,3,3,3,2,2,2,3,2,2,2,5
105,1,4,2,2,2,3,3,2,3,2,2,2,2,2,2,2,4,3,2,2,3,2,2,3,2,3,3,3,3,3,3,3,2,3,4,2,3,3,4,2,2,2,3,4,3,2,2,2
106,3,2,2,5,1,4,2,3,1,1,1,2,2,4,3,2,3,3,1,1,2,3,3,1,2,5,3,5,3,4,1,1,5,3,2,2,2,4,4,2,2,5,3,5,2,5,2,1
107,1,4,4,3,3,3,3,3,4,4,3,1,3,2,2,2,4,4,4,3,3,4,3,2,4,4,4,3,3,3,2,4,2,2,3,4,2,2,4,3,3,2,3,3,2,2,3,2
108,1,2,1,4,3,1,2,2,2,1,2,1,2,1,1,1,4,2,2,2,2,1,1,2,4,2,5,4,3,2,3,1,3,3,4,2,2,3,5,2,3,3,3,3,3,3,1,2
109,5,1,5,5,5,3,3,3,3,3,3,1,2,2,1,1,2,2,4,1,1,1,3,3,2,2,5,4,4,5,2,5,5,1,5,1,4,3,5,3,3,1,2,4,4,2,1,5
110,3,2,1,3,5,2,3,1,3,1,1,2,2,2,1,2,2,2,3,3,2,2,3,3,3,2,4,2,4,2,3,2,3,2,3,2,2,2,3,3,3,3,4,3,3,4,3,3
111,2,2,2,4,4,2,2,2,3,2,2,3,2,3,2,2,3,2,2,2,2,2,2,4,2,2,2,2,2,2,2,2,2,3,4,3,2,1,1,4,1,1,1,1,1,1,3,4
112,1,2,1,3,2,2,3,3,3,1,2,3,3,3,2,3,2,3,3,2,1,1,1,4,3,4,3,3,3,3,3,3,3,3,2,1,4,1,1,1,1,1,2,2,1,2,3,3
113,3,2,3,3,4,1,1,1,5,2,2,2,2,2,1,3,3,4,4,2,3,2,3,4,3,4,4,4,3,4,4,3,3,2,5,3,4,3,5,3,4,5,3,4,4,3,2,4
114,3,3,3,3,4,2,3,3,3,2,3,2,2,2,2,2,4,1,5,2,2,2,5,4,5,5,3,3,3,5,2,3,3,2,4,2,2,3,5,1,1,1,3,2,4,2,4,2
115,2,1,3,3,4,1,1,3,3,1,1,2,2,1,1,3,2,1,2,2,2,2,2,3,2,3,5,4,3,1,3,3,4,2,3,2,2,4,5,3,3,2,4,3,3,3,2,5
116,3,3,3,3,3,3,3,2,3,2,2,3,4,3,2,3,3,2,3,2,2,2,3,3,3,2,4,4,3,3,3,4,4,2,4,2,4,2,5,3,3,2,3,4,3,3,3,4
117,4,1,5,5,5,2,3,2,4,3,2,1,3,1,2,2,3,4,5,4,5,4,5,3,4,4,5,5,5,4,2,5,2,3,4,3,2,3,5,3,3,1,3,2,3,2,2,4
118,1,4,2,3,4,2,2,2,3,2,2,2,2,2,1,1,5,4,5,2,2,2,5,3,2,2,5,5,3,3,2,1,4,3,2,1,4,2,4,2,3,2,3,3,2,3,2,4
119,3,3,2,4,4,2,2,2,4,2,2,1,2,2,2,2,4,4,5,3,4,2,5,4,4,2,5,4,3,5,3,4,3,2,5,4,1,3,4,2,3,2,4,5,2,3,2,5
120,2,2,4,3,2,2,3,2,4,3,3,2,3,2,2,2,4,4,4,4,4,4,4,2,3,3,4,3,4,2,2,4,2,3,4,3,2,4,5,3,2,3,4,5,3,3,2,4
121,1,3,2,2,4,2,2,1,3,2,1,1,1,1,1,2,3,2,5,2,2,2,2,3,2,1,5,5,5,3,1,2,2,1,2,2,3,1,3,4,5,1,2,2,3,2,1,2
122,3,2,3,3,3,3,3,2,4,2,3,2,3,3,3,3,4,3,4,3,3,2,4,3,3,3,5,5,4,3,3,3,3,2,4,3,4,3,4,2,2,2,2,3,4,3,2,4
123,1,3,2,2,2,3,3,1,4,2,2,1,2,2,2,2,3,2,3,1,3,2,4,3,2,2,5,3,2,3,3,2,3,2,3,2,3,2,3,2,3,2,3,2,2,2,2,2
124,3,1,3,2,3,2,2,3,2,1,1,2,1,1,2,2,3,3,3,1,3,3,4,2,3,3,4,3,3,2,2,1,2,2,3,3,3,3,4,2,3,2,2,2,3,3,2,2
125,3,2,4,4,5,1,1,1,4,2,1,1,2,1,1,1,2,2,2,3,4,1,2,2,2,1,5,3,2,4,5,2,4,1,5,4,2,1,5,4,5,1,2,1,1,2,2,3
126,3,3,3,3,3,4,3,3,3,1,3,2,2,2,2,2,5,3,3,2,3,2,3,2,2,2,4,4,4,3,2,3,1,2,4,3,2,4,4,3,3,3,2,2,4,3,3,2
127,2,3,4,3,3,3,3,3,3,3,3,3,3,3,3,2,3,3,4,3,3,3,3,3,3,3,5,4,3,3,3,3,2,2,3,3,3,3,3,3,3,3,3,3,3,3,1,4
128,3,2,5,4,3,3,3,2,2,1,1,1,3,3,3,1,5,5,5,3,4,4,5,1,3,3,4,5,3,3,2,3,1,5,5,5,1,2,4,3,3,2,4,3,2,3,3,1
129,5,5,5,1,4,3,3,1,3,1,2,1,1,2,1,1,5,5,5,2,2,5,5,3,5,1,5,5,5,5,1,5,4,3,5,5,1,3,5,3,3,2,3,3,3,3,4,2
130,1,5,1,2,2,4,5,2,3,2,2,1,2,1,1,1,5,5,5,2,4,2,3,2,4,4,4,5,3,3,3,2,1,2,5,2,1,3,5,2,4,1,2,2,5,2,3,2
131,3,2,3,3,3,3,3,1,2,1,1,1,2,2,2,2,3,3,3,2,2,2,3,3,2,2,4,3,3,3,1,2,2,3,3,2,2,4,5,2,3,2,2,1,3,3,3,3
132,1,5,1,2,2,3,3,3,5,1,1,2,2,2,1,1,5,3,4,2,3,3,3,3,2,3,5,5,3,2,1,2,2,2,5,3,2,4,4,2,3,3,3,2,3,3,2,2
133,2,4,2,1,4,3,4,2,2,2,2,2,4,3,2,1,4,3,3,3,3,2,2,2,3,2,4,3,4,4,2,2,2,2,3,2,4,3,4,3,2,3,3,3,3,3,2,3
134,2,3,2,2,3,3,3,2,3,1,1,2,2,2,1,2,2,1,3,2,1,2,2,3,3,2,2,3,3,3,3,3,3,3,3,1,3,1,2,3,2,2,2,2,2,2,3,3
135,2,1,2,1,1,2,2,2,2,2,1,2,2,1,1,2,2,2,2,2,1,2,2,2,2,2,2,2,2,2,2,2,2,2,2,2,1,1,2,2,2,2,2,2,2,1,1,1
136,1,5,1,4,5,1,1,2,4,4,2,2,2,2,1,2,3,2,3,2,3,2,3,4,2,2,5,4,4,3,5,3,3,1,4,3,5,2,3,5,3,1,2,1,2,3,2,4
137,2,2,4,3,3,1,1,1,3,1,1,2,2,1,1,2,2,1,1,1,1,2,2,3,2,2,2,3,2,2,3,4,2,2,4,1,3,2,4,2,3,1,2,2,2,2,2,4
138,3,2,3,5,4,2,1,3,4,1,2,1,1,1,1,2,5,2,3,1,2,2,4,3,3,2,5,3,2,2,4,1,1,2,5,2,4,5,5,2,3,2,4,2,5,2,2,3
139,1,5,1,2,4,1,1,1,5,2,2,2,3,1,1,3,3,1,3,1,2,3,2,3,1,3,5,5,1,3,3,3,5,3,3,1,5,1,2,1,5,1,5,1,3,1,2,1
140,2,2,3,3,4,3,3,3,3,3,3,3,3,3,3,3,3,3,3,3,3,3,3,3,3,2,4,3,2,4,3,3,3,3,3,3,3,4,3,3,3,3,3,3,4,3,3,3
141,1,4,1,2,5,2,3,2,1,4,2,2,4,1,1,3,2,1,1,1,2,1,1,5,2,4,4,3,2,5,5,2,4,2,4,1,4,1,1,4,2,1,4,1,1,2,4,1
142,1,5,1,1,3,1,2,2,5,1,1,2,3,2,2,1,4,2,5,1,4,1,5,1,2,2,5,5,4,2,1,3,2,1,2,2,1,2,2,4,1,1,1,1,1,3,2,4
143,1,4,1,2,4,2,2,2,3,1,2,2,4,2,1,1,4,1,3,1,2,2,4,2,2,3,3,4,4,2,1,2,2,1,4,2,4,4,4,2,3,2,2,3,4,2,1,4
144,3,2,5,5,4,2,2,2,5,1,2,3,3,3,2,2,2,2,3,2,2,2,2,2,3,4,2,3,2,2,3,2,3,2,2,2,3,5,5,2,4,2,2,2,5,2,2,5
145,1,2,1,3,3,2,1,1,3,2,1,2,2,2,1,2,3,2,2,2,3,3,2,2,3,3,4,2,2,3,3,3,2,3,3,2,3,3,3,3,3,3,3,3,3,3,3,3
146,2,3,2,2,2,2,2,3,2,1,1,2,3,2,1,2,2,2,3,1,1,1,2,3,2,3,4,3,3,4,3,3,5,2,3,2,3,4,4,2,3,1,2,1,3,3,1,5
147,5,1,5,5,5,5,3,5,5,1,5,1,5,5,5,5,5,5,5,5,5,2,1,5,5,5,5,5,5,5,5,5,1,5,5,5,5,2,1,1,1,1,5,2,2,2,1,1
148,4,2,4,3,4,3,3,3,4,2,3,2,2,2,2,2,3,2,3,3,4,4,4,2,3,2,4,3,4,3,2,3,1,3,3,4,2,3,4,3,4,2,2,2,3,3,3,2
149,2,2,2,2,2,2,2,2,2,2,2,2,2,2,2,2,2,2,2,2,2,2,2,2,2,2,2,2,2,2,2,2,2,2,2,2,2,2,2,2,2,2,2,3,3,3,3,3
150,3,2,4,3,4,2,2,2,5,2,2,2,2,2,2,2,3,3,4,2,3,3,3,3,3,3,5,5,3,3,3,3,3,3,3,3,3,3,4,3,3,3,3,3,3,3,3,2
151,5,1,5,5,5,1,1,3,5,1,1,1,5,2,5,1,5,5,5,5,5,5,5,1,5,5,4,5,5,3,1,5,1,5,5,5,1,4,5,1,2,1,3,5,3,3,2,4
152,2,2,2,4,3,4,2,3,3,2,3,2,2,4,4,4,3,2,2,2,3,3,4,4,3,2,3,3,4,2,3,2,2,3,4,2,3,2,4,3,3,2,3,2,4,3,2,2
153,1,4,1,2,3,2,2,2,3,2,2,2,2,2,2,2,3,2,3,2,3,2,2,2,3,3,4,5,3,3,3,3,4,2,3,2,4,2,3,4,2,1,3,3,3,3,3,3
154,1,5,1,2,3,2,2,2,4,2,2,1,3,1,1,2,3,3,4,2,3,3,2,3,3,2,5,3,1,3,3,3,3,1,3,2,3,1,3,2,3,3,3,3,2,2,3,2
155,1,3,3,2,3,3,3,3,3,2,2,2,2,2,3,2,3,2,2,3,3,3,3,2,3,2,3,3,3,3,3,3,2,3,3,3,2,2,2,3,2,2,3,3,2,2,2,4
156,1,5,1,2,5,1,1,1,2,1,1,1,1,1,1,1,5,1,1,1,2,1,4,1,1,1,5,2,1,4,1,2,2,1,5,1,2,2,5,1,1,1,2,1,1,1,1,1
157,3,3,3,3,2,4,2,3,4,2,3,2,3,4,2,4,4,3,3,3,3,3,3,3,4,3,3,3,3,3,2,4,3,3,3,3,2,4,3,4,2,3,4,2,3,4,3,3
158,2,4,1,2,3,2,2,3,3,2,2,2,3,2,1,2,3,2,3,2,1,2,2,3,2,3,5,3,2,4,3,2,3,3,3,3,2,2,2,4,4,2,3,3,3,3,2,4
159,1,3,2,4,4,2,3,2,5,1,2,1,2,2,1,1,4,2,2,2,2,2,2,2,1,1,5,4,3,3,2,3,3,1,4,2,3,1,1,2,3,1,2,1,3,4,2,1
160,1,3,1,3,2,1,3,1,4,2,2,3,2,1,1,3,3,1,2,1,2,2,2,4,1,3,3,3,2,3,3,3,4,1,3,2,3,2,2,2,3,2,3,3,2,2,2,2
161,3,3,3,3,3,2,2,2,3,1,2,4,4,3,2,3,3,2,3,2,3,2,3,4,3,3,2,3,3,4,3,3,4,3,2,2,4,4,5,3,3,2,3,3,2,3,3,3
162,3,3,2,3,3,3,3,4,2,3,3,3,3,3,2,3,3,3,3,3,3,3,4,4,3,3,4,3,3,3,3,3,3,3,3,3,2,3,5,4,3,2,4,4,4,4,2,4
163,1,3,1,2,3,2,2,2,3,2,2,1,2,1,1,3,2,1,1,1,1,2,4,5,2,5,4,1,1,2,5,1,2,3,3,1,2,1,5,3,2,1,2,3,2,2,4,1
164,2,4,4,2,3,3,4,3,3,1,2,3,3,1,2,3,3,2,3,2,2,2,2,3,2,2,2,3,2,2,2,3,2,2,2,3,3,1,5,2,2,2,2,2,3,2,2,3
165,3,3,3,3,3,3,4,3,3,2,2,3,2,3,3,2,3,2,3,3,3,3,4,4,3,3,3,3,3,3,2,3,2,3,4,3,4,2,4,3,2,2,3,3,2,3,3,2
166,2,4,2,2,2,3,3,2,3,2,2,3,4,3,3,3,4,3,4,2,3,2,3,3,3,2,3,4,4,3,3,3,3,3,2,3,3,4,5,4,4,4,4,4,4,4,2,4
167,3,3,2,3,3,4,4,2,4,2,2,2,2,2,2,2,2,3,4,2,2,3,4,2,4,3,3,4,4,3,2,3,2,2,4,3,1,3,4,3,2,2,3,3,3,2,3,3
168,1,4,2,3,4,2,2,1,5,1,2,2,2,2,1,3,2,2,3,1,3,1,2,3,2,2,5,3,3,3,3,3,3,2,5,3,4,3,5,3,2,2,3,4,2,3,2,4
169,3,3,3,3,3,3,3,3,3,2,3,3,3,3,3,2,3,3,3,3,3,3,3,3,3,3,4,3,3,3,3,3,3,3,3,3,3,3,3,3,3,3,3,3,3,3,2,4
170,2,3,3,3,4,2,2,3,2,2,2,3,2,2,1,3,3,2,4,2,2,2,3,3,4,3,4,4,4,4,3,3,4,2,3,3,4,4,5,3,3,2,3,3,3,3,2,4
171,3,2,3,2,2,4,4,2,3,2,3,2,3,3,3,2,3,3,3,3,3,3,2,2,3,3,3,3,3,3,2,3,2,3,3,3,2,3,3,3,3,3,3,2,3,3,2,4
172,1,4,2,3,5,1,1,1,4,1,1,2,2,2,2,3,2,2,3,1,2,2,3,4,2,2,5,4,4,3,4,2,4,2,4,2,3,2,4,3,2,2,2,4,3,3,3,3
173,3,3,4,1,3,5,5,5,3,1,1,2,1,2,5,1,5,5,5,5,5,5,3,1,2,3,5,5,3,1,3,3,1,5,5,5,5,3,5,3,2,1,3,2,3,3,5,1
174,3,2,3,3,3,2,3,3,3,3,3,2,3,2,3,3,3,2,3,3,2,2,3,3,3,3,2,2,3,2,2,2,2,2,3,3,2,2,4,3,3,3,3,3,3,2,3,3
175,1,5,2,4,5,2,2,1,4,3,2,3,3,3,2,2,3,3,4,2,2,2,4,3,3,2,5,5,4,4,3,2,4,2,3,2,3,3,5,3,3,3,3,3,4,3,3,3
176,2,3,2,2,4,3,3,2,4,2,3,2,2,2,2,3,3,3,2,2,1,1,3,4,2,3,4,2,2,3,3,3,3,3,2,3,4,3,4,4,2,1,2,2,2,2,2,2
177,2,2,4,4,4,2,3,3,2,2,2,4,4,3,4,3,2,2,3,2,2,2,2,4,2,3,3,5,4,5,3,3,3,3,4,2,5,3,4,2,3,2,2,2,3,2,2,5
178,3,2,2,4,5,2,2,2,3,1,3,2,2,2,3,3,2,3,4,3,3,2,3,4,2,4,4,4,4,4,3,2,4,2,5,3,4,5,5,3,4,1,2,3,4,2,3,4
179,5,1,3,3,3,1,1,1,5,1,1,1,1,1,3,3,3,5,3,3,3,3,3,3,3,4,3,3,3,3,3,3,3,1,3,3,3,3,3,3,2,2,2,3,3,3,5,4
180,2,3,2,3,3,3,3,2,2,2,2,3,2,2,3,2,2,2,3,2,2,2,2,2,3,3,3,3,3,2,2,2,2,3,2,2,3,2,3,2,2,2,2,2,2,2,2,2
181,4,1,1,5,5,1,1,1,3,1,1,4,2,1,1,1,2,1,3,2,2,1,1,4,5,4,5,3,3,3,2,1,5,2,1,5,1,2,3,4,4,2,4,2,3,1,1,5
182,1,5,3,2,3,2,3,3,3,1,1,3,4,2,2,3,3,2,2,2,2,2,4,4,3,3,3,2,1,2,3,3,3,3,2,2,2,2,3,3,2,2,3,2,2,3,3,3
183,2,2,2,3,3,1,2,2,3,1,1,2,2,2,3,3,2,1,3,2,2,3,3,4,3,2,3,4,3,3,3,3,4,2,3,2,1,3,3,3,2,2,3,3,3,3,2,4
184,2,4,2,2,3,4,4,2,3,2,3,3,2,2,2,2,3,2,3,2,2,2,4,3,2,3,2,2,2,3,3,3,2,3,2,2,3,3,2,1,3,2,3,2,4,2,2,4
185,2,4,2,4,3,3,3,3,3,2,2,3,3,3,2,2,3,3,4,2,4,3,3,3,2,2,4,4,4,4,4,3,2,2,3,4,4,4,5,2,3,3,2,4,4,2,2,4
186,2,3,3,2,3,2,3,3,3,1,2,2,1,2,2,3,3,2,3,1,2,2,3,4,2,4,3,3,3,3,4,3,3,3,3,2,5,2,5,3,3,2,2,1,3,2,3,4
187,2,4,2,2,3,3,3,2,2,2,2,4,4,3,2,2,4,4,3,2,3,4,3,3,4,2,4,3,2,3,3,3,2,3,3,3,4,3,5,4,3,2,3,3,3,3,3,3
188,1,5,4,1,1,4,5,2,2,1,1,4,4,3,3,4,5,4,5,3,4,4,5,4,4,4,5,5,4,4,4,4,4,3,4,4,5,5,5,5,5,5,5,5,5,5,5,2
189,5,1,1,5,5,1,1,1,1,1,1,1,1,1,1,1,3,1,1,1,1,1,2,3,2,1,1,1,1,1,5,2,5,1,5,2,1,1,3,3,1,1,2,2,1,2,3,1
190,2,3,2,2,2,3,3,2,4,2,3,2,2,2,2,2,4,2,3,2,3,2,3,2,2,2,4,3,2,2,2,3,2,1,4,3,2,4,5,2,3,2,2,4,3,2,2,3
191,3,2,3,3,3,3,3,2,4,1,2,2,2,2,3,3,3,3,3,2,2,2,2,3,2,2,4,3,3,3,2,3,2,2,3,3,3,3,5,2,3,2,2,2,3,3,2,3
192,1,4,1,2,2,3,3,1,2,1,1,3,2,2,1,2,3,2,2,2,3,3,3,3,3,2,4,3,2,4,2,2,2,3,2,2,4,3,5,3,3,4,3,4,3,3,3,3
193,3,4,2,3,4,3,3,2,2,2,2,3,3,3,3,3,3,3,4,3,3,3,4,2,4,3,3,4,4,3,3,3,3,3,4,3,3,3,5,3,3,3,3,5,4,3,3,4
194,3,3,3,4,4,1,1,3,3,2,2,3,3,2,2,3,2,2,2,2,2,2,3,4,3,3,3,3,2,4,5,3,5,2,4,2,4,2,2,2,3,3,2,3,3,2,2,3
195,1,4,2,2,2,2,2,4,1,1,1,3,3,2,1,2,3,2,2,1,1,1,2,5,2,5,3,2,3,3,5,1,5,1,2,1,4,1,2,4,1,1,4,2,1,4,3,1
196,2,3,1,2,3,3,3,3,3,1,4,1,2,3,2,2,3,3,4,3,3,3,3,4,3,3,5,5,4,3,3,2,2,4,5,3,4,2,5,3,4,4,4,4,5,1,2,2
197,2,4,2,2,3,2,2,3,3,2,2,3,4,2,3,2,4,3,4,2,3,2,5,3,3,3,5,4,4,3,3,4,4,2,4,3,4,4,5,2,2,1,2,3,3,3,3,2
198,2,3,2,2,3,4,4,3,2,2,2,3,3,3,3,2,4,3,5,2,3,4,3,4,3,3,4,4,4,4,3,3,1,4,4,3,3,3,5,3,3,2,3,4,3,3,3,2
199,2,3,3,3,5,2,1,1,2,1,2,2,2,1,2,1,2,2,3,2,1,1,3,4,2,2,3,3,3,4,2,1,4,2,2,1,5,1,5,5,1,1,1,1,1,2,2,5
200,3,3,3,3,3,3,3,3,3,3,3,3,2,3,3,3,3,3,3,3,2,3,3,3,3,3,3,3,3,3,3,3,3,3,3,3,3,3,3,3,3,3,3,3,3,3,3,3
201,1,1,3,3,5,1,1,1,5,2,1,3,3,2,1,1,3,3,5,3,2,1,3,3,3,2,4,5,5,3,1,4,5,1,5,3,5,3,5,3,3,2,3,3,3,3,3,3
202,3,2,2,2,4,2,2,3,1,2,2,3,3,2,3,3,3,2,3,2,3,3,3,3,3,3,5,3,3,3,3,2,3,2,2,2,3,3,5,3,3,3,3,3,3,3,3,5
203,2,4,5,3,5,5,5,3,3,1,1,3,4,3,3,1,4,3,4,3,3,4,3,4,4,2,4,4,3,3,2,5,1,4,4,5,3,4,5,2,3,2,3,3,3,2,2,4
204,4,1,1,2,5,4,3,2,4,1,2,2,3,2,4,1,5,5,5,5,5,5,4,2,5,4,5,5,5,2,1,3,1,3,5,5,1,5,5,1,2,4,2,5,3,3,2,5
205,2,3,1,1,3,3,2,2,1,1,1,4,2,2,1,3,2,3,2,2,3,3,2,2,3,4,2,3,2,2,3,2,2,3,5,3,4,2,4,2,3,2,3,3,3,2,2,2
206,2,4,2,3,4,3,4,2,2,2,2,2,3,2,2,2,4,2,4,2,2,3,4,3,3,3,5,4,3,3,2,3,3,3,4,2,3,4,5,2,2,2,2,3,3,3,2,2
207,3,1,5,3,5,1,1,1,3,1,1,1,5,1,1,4,1,1,1,1,1,1,3,4,3,2,5,3,3,3,3,5,5,1,3,1,3,2,5,3,3,2,2,3,2,3,3,3
208,1,4,1,3,4,5,5,2,3,3,3,4,3,3,4,1,5,5,5,3,5,5,5,1,3,3,5,5,5,3,3,3,1,5,4,3,3,4,5,2,3,4,3,5,4,3,4,4
209,3,3,3,3,3,4,3,3,4,3,3,2,3,3,3,3,3,3,3,3,3,3,3,3,4,4,3,3,2,3,4,3,2,3,3,3,3,3,4,3,3,2,3,3,3,3,3,3
210,3,3,3,3,5,2,2,1,3,3,3,3,3,3,2,3,3,3,3,3,4,3,3,3,3,3,4,3,3,3,3,3,4,3,1,3,3,2,4,3,3,3,3,3,3,3,1,3
211,2,3,3,2,3,4,3,3,3,2,2,2,2,2,2,2,3,2,4,2,2,3,3,3,3,2,5,4,5,4,2,2,2,4,3,2,2,3,4,2,4,2,2,2,4,2,2,4
212,1,5,1,5,5,1,1,1,2,3,3,3,3,3,1,1,3,3,4,2,3,1,3,5,3,3,3,5,5,4,3,3,5,1,5,3,3,4,5,2,2,3,2,2,3,3,3,4
213,1,5,1,1,2,5,5,1,1,1,1,1,5,1,1,1,5,5,5,5,4,5,2,1,2,2,5,3,1,4,1,4,1,5,5,5,1,4,5,3,3,1,3,1,2,4,2,4
214,2,2,2,3,3,2,2,2,4,2,2,2,2,2,3,3,3,2,3,2,2,2,4,2,3,3,3,4,3,3,3,1,3,2,3,2,4,2,3,3,4,1,2,4,2,2,2,4
215,3,3,2,2,3,2,2,3,2,2,3,3,3,2,3,3,3,3,3,3,2,2,4,3,3,2,4,4,4,3,3,2,3,2,2,3,4,4,5,3,4,3,3,3,3,3,2,4
216,3,2,3,3,4,3,3,4,3,1,1,2,3,2,3,3,2,1,2,1,3,1,3,3,3,3,3,3,3,3,3,4,3,3,3,2,3,3,3,3,3,2,3,3,3,3,3,3
217,2,2,4,3,3,3,3,2,3,3,3,1,1,2,3,1,4,4,3,3,3,4,3,3,4,2,4,5,3,2,2,3,1,3,5,4,2,3,3,3,2,1,3,2,3,3,2,5
218,4,3,3,2,3,3,3,2,2,2,2,3,3,4,4,4,4,4,3,3,3,3,4,3,4,3,4,3,4,4,2,4,4,4,4,4,4,4,5,3,4,4,4,2,4,4,2,4
219,3,2,3,3,4,2,3,2,3,2,2,3,3,3,2,3,3,2,3,2,2,2,4,3,2,2,3,4,3,3,3,3,3,3,2,2,3,2,5,3,2,2,2,2,2,2,3,5
220,3,3,3,3,5,1,3,3,3,3,3,3,3,2,3,3,3,3,3,3,3,3,3,3,3,3,3,2,3,3,3,3,2,3,3,3,3,4,5,3,3,3,3,3,3,3,3,4
221,3,3,1,1,3,3,3,3,2,2,2,3,3,2,2,2,3,3,4,2,4,4,3,2,4,3,3,3,3,4,2,4,2,2,4,3,3,3,5,3,3,2,3,3,2,2,2,3
222,3,3,3,3,3,3,3,3,3,3,3,2,3,2,3,3,3,3,3,2,3,3,3,3,3,3,3,3,3,3,3,3,3,3,3,3,3,3,3,3,3,3,3,3,3,3,2,2
223,3,3,3,3,3,2,2,2,3,2,2,3,3,3,2,3,2,2,3,2,2,2,3,3,2,3,3,3,3,3,3,3,4,3,3,3,3,2,2,3,3,2,2,2,3,2,2,3
224,2,3,2,3,3,3,3,3,3,3,3,3,3,2,3,2,4,3,3,3,3,3,3,3,3,3,3,3,3,3,3,3,3,3,3,3,3,2,4,3,3,2,3,2,4,3,3,4
225,2,2,2,2,2,2,2,2,2,2,2,2,2,2,2,2,3,2,2,2,2,2,3,2,3,2,2,2,2,2,2,3,2,2,2,3,3,3,3,3,3,3,3,3,3,3,3,3
226,2,2,2,3,3,3,3,3,3,2,2,2,2,2,2,2,3,2,2,2,3,2,2,2,3,2,2,3,2,2,3,2,2,2,3,2,3,2,2,2,2,2,2,1,3,3,3,3
227,2,3,2,3,3,3,3,2,4,1,2,3,3,2,2,2,5,3,3,2,3,3,3,2,3,2,4,5,3,3,3,2,1,3,5,3,3,4,5,3,3,3,2,4,3,2,2,3
228,2,3,2,3,3,3,3,2,3,2,2,3,3,3,2,3,3,3,3,3,3,3,3,3,3,3,3,3,3,3,3,3,3,3,3,3,3,3,3,3,3,3,3,3,3,3,3,3
229,4,2,3,3,3,3,4,2,3,1,2,2,3,2,2,3,4,3,4,3,3,3,4,2,3,2,3,4,3,2,2,2,2,1,2,3,3,4,5,2,3,3,3,3,4,3,2,3
230,4,2,5,3,5,2,2,1,2,1,1,2,3,2,3,2,4,4,4,3,4,3,3,3,2,3,5,4,4,2,4,3,2,2,4,4,2,3,5,3,2,3,2,3,2,3,3,3
231,3,3,2,2,5,2,3,1,2,1,1,2,2,2,1,2,2,2,3,2,2,2,3,4,2,3,2,5,2,4,2,2,4,2,4,2,4,3,5,3,3,2,2,4,2,3,3,3
232,2,4,2,2,2,3,3,4,2,2,3,4,2,3,3,3,4,5,4,3,4,4,4,3,2,2,5,4,4,3,3,3,3,3,4,3,3,4,5,3,2,2,3,3,2,3,2,4
233,1,5,1,1,1,3,3,3,1,1,1,2,2,2,2,2,2,2,2,2,2,2,2,2,2,2,2,2,2,2,2,2,3,2,2,2,2,3,3,3,3,3,3,3,3,3,3,3
234,1,2,1,1,5,5,5,3,2,1,1,3,2,2,1,1,5,4,4,2,2,2,5,1,5,5,5,5,5,5,1,2,1,5,5,4,5,1,1,1,2,1,2,1,1,4,2,5
235,3,3,2,3,3,2,2,2,3,2,2,2,2,2,2,2,3,2,2,2,2,2,2,2,2,4,5,3,2,4,2,2,3,3,2,3,1,1,5,3,2,1,1,1,3,2,1,5
236,2,3,3,3,3,2,1,3,3,2,3,3,3,3,3,3,2,3,5,3,2,2,3,5,3,3,4,4,3,2,3,3,3,2,3,3,5,2,5,3,3,3,2,1,4,2,2,3
237,2,3,1,2,5,2,2,2,2,2,2,1,1,1,1,1,1,1,1,1,1,1,1,1,1,1,5,5,5,3,5,1,5,1,5,1,1,1,1,4,1,1,1,1,1,1,1,1
238,2,4,2,3,3,3,3,4,4,2,2,2,3,2,2,2,3,2,3,2,2,2,4,4,3,3,4,4,3,4,3,2,4,3,4,3,3,3,5,3,4,2,2,2,3,2,3,4
239,1,3,1,2,4,1,1,2,3,1,1,2,2,1,1,2,2,2,2,2,2,2,2,2,2,2,1,1,1,3,1,2,3,4,3,1,4,1,4,3,2,1,2,1,2,2,2,3
240,3,2,3,4,4,2,3,1,2,3,1,1,1,2,4,1,5,1,5,2,1,5,5,2,2,4,1,5,5,4,1,1,1,1,5,4,1,3,5,3,1,1,5,2,2,3,2,3
241,3,4,1,1,4,3,3,4,1,1,1,1,1,1,2,1,5,3,5,2,4,2,2,2,3,2,5,5,5,2,1,2,2,3,5,2,5,1,5,3,4,3,3,3,3,2,3,2
242,2,4,2,3,4,2,2,3,3,2,2,2,2,2,2,3,2,2,3,2,2,2,3,3,2,2,3,2,2,3,3,1,4,2,3,2,4,3,3,2,3,3,2,2,4,2,1,4
243,1,5,1,1,1,2,4,1,4,2,1,2,2,2,3,1,5,5,5,5,5,5,2,2,5,2,5,4,3,2,3,4,1,4,4,5,5,3,5,2,5,2,2,2,2,4,2,4
244,3,3,3,3,3,3,2,3,3,2,3,2,2,3,3,3,3,3,3,3,3,2,3,3,3,3,3,3,3,3,3,3,3,3,3,3,3,3,3,3,3,3,3,3,3,3,2,3
245,3,2,3,3,3,2,2,2,4,3,2,2,2,3,2,3,3,2,3,2,3,3,3,3,3,4,3,4,3,3,4,3,3,1,4,2,3,4,5,3,3,3,3,4,3,3,2,3
246,2,2,2,2,3,2,2,2,2,2,3,2,3,3,2,3,2,3,3,3,2,2,2,3,2,2,4,3,2,2,2,2,3,2,2,2,2,2,2,2,2,2,2,2,2,2,2,3
247,3,3,3,3,3,3,3,3,3,3,3,3,3,3,3,3,3,3,3,3,3,3,3,3,3,3,3,3,3,3,3,3,3,3,3,3,3,3,3,3,3,3,3,3,3,3,3,3
248,1,3,3,1,4,3,5,1,3,2,2,5,5,5,3,1,5,3,4,4,4,2,3,2,3,2,5,4,4,4,4,3,4,4,3,4,2,2,4,4,2,2,3,3,2,2,3,3
249,3,3,3,3,3,2,3,3,2,3,3,2,2,3,3,3,3,2,4,3,2,3,4,2,3,3,3,2,2,2,3,3,4,2,3,2,3,2,5,3,2,2,2,2,2,3,3,3
250,2,3,2,3,4,3,3,2,3,1,1,2,2,2,2,1,4,3,4,2,3,2,3,3,3,3,5,5,4,3,3,2,2,4,3,3,3,3,3,3,3,1,2,2,3,2,2,1
251,3,1,5,5,4,3,4,2,4,1,1,3,3,2,1,2,5,2,4,2,1,3,3,5,5,2,5,5,4,3,3,2,3,3,5,2,2,4,5,4,2,1,4,5,1,2,1,5
252,2,3,1,2,2,3,3,2,2,1,1,2,2,2,2,2,3,2,4,2,2,1,3,2,3,2,5,5,3,4,2,2,3,3,2,2,2,2,5,3,2,2,4,4,3,3,2,3
253,1,5,1,1,3,1,1,4,1,1,2,2,1,1,1,2,2,2,3,1,2,1,2,3,4,2,3,4,2,3,1,3,3,3,1,1,4,1,2,2,1,1,1,1,1,1,1,4
254,3,3,3,3,3,3,3,3,3,3,3,3,3,3,3,3,3,3,3,3,3,3,3,3,3,3,3,3,3,3,3,3,3,3,3,3,3,3,3,3,3,3,3,3,3,3,3,5
255,1,4,1,5,5,1,1,1,1,1,1,1,2,1,3,3,1,2,4,1,2,2,4,4,4,4,2,3,2,3,2,1,4,1,3,1,2,4,5,2,3,2,2,2,4,3,3,3
256,3,3,2,2,2,5,5,1,2,2,2,1,1,1,3,1,5,4,5,2,2,2,3,2,2,2,5,5,5,3,2,2,1,3,3,3,2,1,2,5,1,1,3,2,1,1,2,3
257,2,3,3,3,4,1,2,2,4,2,2,2,2,1,2,4,3,2,3,2,2,2,4,2,3,3,3,3,2,2,3,3,4,1,4,2,4,3,3,3,3,3,3,3,3,2,3,3
258,5,3,3,3,3,3,3,3,3,3,3,3,3,3,3,3,4,3,3,2,3,3,3,3,3,3,3,3,3,3,3,3,2,3,3,3,3,2,4,3,3,2,2,3,3,3,3,3
259,1,3,2,3,4,2,3,2,2,1,1,4,2,1,2,3,3,2,1,1,2,3,3,3,3,4,2,3,2,3,3,5,4,2,5,3,3,2,3,4,4,1,3,3,2,2,3,3
260,2,1,5,3,5,1,1,1,1,1,1,2,2,1,1,1,4,2,3,1,1,1,4,4,5,2,1,5,3,5,2,5,3,1,1,2,1,2,5,3,2,2,2,2,3,1,3,5
261,1,4,1,1,5,1,1,2,2,1,1,2,1,1,1,2,2,2,3,2,2,1,2,4,2,2,5,4,3,1,2,4,5,1,4,2,5,2,5,2,2,1,3,2,2,2,1,4
262,2,3,1,1,4,2,1,1,1,1,1,3,2,2,2,2,2,2,4,2,4,2,2,2,2,2,2,4,2,3,2,2,3,2,2,2,2,2,3,2,3,2,1,1,3,2,3,2
263,2,4,2,3,3,2,2,3,4,2,3,2,2,2,2,2,4,2,5,2,2,2,2,5,2,4,5,4,2,5,2,2,5,2,4,2,5,4,4,4,4,2,4,2,3,3,3,3
264,5,1,2,1,3,3,3,2,2,1,1,1,3,1,1,2,3,2,3,2,3,3,1,3,3,2,4,5,3,3,2,3,2,2,3,3,3,3,5,3,3,1,3,3,3,3,2,3
265,1,3,1,4,3,1,1,1,5,1,1,2,2,1,1,2,3,1,3,1,1,1,2,5,2,3,3,5,2,2,2,1,4,1,3,1,3,3,3,2,3,1,3,1,2,2,1,4
266,2,3,2,2,4,2,2,3,3,2,2,3,3,3,2,3,3,4,3,2,2,2,2,4,2,3,4,4,2,4,3,2,4,3,3,3,4,2,4,3,2,2,3,2,2,3,2,4
267,2,3,1,3,4,2,3,2,3,2,3,2,2,2,3,2,3,3,4,2,3,2,4,2,3,3,5,5,4,3,1,2,3,3,3,2,3,3,5,2,3,2,2,3,4,3,2,4
268,3,3,3,3,3,3,3,3,3,3,3,3,3,3,3,3,3,3,3,3,3,3,3,3,3,3,3,3,3,3,3,3,3,3,3,3,3,3,3,3,3,3,3,3,3,3,3,3
269,2,2,3,3,3,2,2,2,3,2,2,2,3,2,2,2,3,2,3,2,2,2,3,3,3,3,2,3,2,2,3,3,4,2,3,3,2,4,4,3,2,2,3,3,3,2,3,3
270,1,5,2,1,3,3,4,2,4,3,3,3,2,1,4,2,3,4,3,4,4,3,4,2,5,2,4,4,3,3,4,3,2,3,4,3,3,2,4,3,3,2,3,2,4,4,4,2
271,3,3,3,2,3,3,3,2,3,2,3,3,3,3,3,2,4,4,4,3,3,3,3,3,3,3,4,4,4,4,3,3,3,4,3,3,3,4,4,2,3,2,2,3,4,3,3,3
272,2,3,2,2,3,3,4,1,5,1,2,3,2,3,3,2,3,3,5,4,5,3,3,2,3,2,5,5,5,5,3,3,2,3,3,3,4,2,5,3,4,2,2,2,3,3,3,3
273,4,1,3,4,4,1,1,3,1,1,1,1,1,2,1,1,3,2,5,2,3,1,4,4,3,4,5,4,5,4,3,2,5,1,2,2,4,5,5,1,3,2,3,2,5,2,2,2
274,2,4,4,2,4,1,2,2,2,2,2,1,1,2,2,2,2,2,4,2,2,2,2,3,4,2,5,5,4,3,3,4,3,2,4,2,2,4,2,2,3,2,2,2,3,2,2,4
275,2,3,2,3,3,4,5,2,5,3,3,2,3,3,2,3,2,3,3,2,3,2,3,4,2,3,5,3,2,4,4,3,3,2,4,3,4,4,5,3,4,3,3,3,3,3,3,4
276,5,3,2,4,5,1,1,3,4,2,2,2,2,2,1,3,3,3,3,2,3,3,2,4,2,2,3,3,2,4,3,2,4,4,4,1,2,2,4,3,3,1,3,3,2,3,4,2
277,2,3,3,4,4,1,1,3,3,2,2,3,3,2,2,3,3,2,3,2,2,2,4,3,3,3,3,3,2,3,3,4,5,2,2,2,3,4,5,3,3,1,3,4,3,3,2,4
278,2,4,2,2,3,3,3,2,3,2,2,3,3,3,3,2,4,3,4,2,3,3,3,2,3,3,4,3,4,3,2,2,3,3,4,3,3,3,3,3,2,2,3,3,2,3,3,2
279,2,2,4,2,1,5,5,2,5,1,2,1,2,2,2,1,5,5,5,5,5,2,3,5,5,1,5,5,5,4,2,2,1,5,2,5,1,5,5,2,2,1,3,5,2,4,2,2
280,2,4,1,3,3,2,2,1,3,2,2,2,2,2,2,1,4,2,2,2,2,2,3,1,3,3,4,4,2,2,1,1,1,2,2,1,2,3,3,3,2,2,2,2,2,2,1,4
281,1,5,1,1,1,5,5,1,4,1,2,2,1,1,1,1,5,5,5,5,5,2,1,1,5,1,5,5,5,1,1,1,1,3,3,5,1,1,1,3,1,1,3,1,2,2,3,1
282,2,3,3,2,3,3,3,2,1,2,1,3,3,3,1,3,3,1,3,1,2,2,3,4,3,2,3,3,2,4,2,3,3,3,3,2,3,3,3,2,4,2,3,4,3,3,3,2
283,3,5,1,3,3,2,2,2,2,1,3,1,1,2,1,1,4,3,4,2,4,1,3,5,2,2,4,4,2,5,2,3,3,2,2,2,4,2,4,1,2,1,1,2,2,3,2,4
284,3,2,4,4,4,2,1,2,1,2,2,1,1,1,1,1,2,4,4,3,4,2,4,2,4,3,4,4,4,4,1,2,2,4,4,2,2,2,4,3,2,2,2,2,2,2,2,4
285,2,4,2,3,3,4,3,2,3,2,3,2,2,3,2,2,3,3,2,2,2,2,2,3,3,3,4,3,2,2,2,3,3,2,3,3,1,3,3,3,4,2,3,3,3,2,3,3
286,3,3,3,4,3,3,3,3,3,3,3,3,3,3,2,3,3,3,3,3,3,3,3,3,3,3,3,3,3,3,3,3,3,3,3,3,3,3,3,3,3,3,3,3,3,3,2,3
287,2,3,2,3,3,2,2,2,2,2,2,3,3,3,2,3,4,2,3,2,3,3,3,4,2,1,5,4,3,5,2,2,5,4,5,4,3,3,4,1,3,2,3,3,4,2,2,3
288,1,4,1,2,3,2,2,2,3,1,1,2,1,2,3,2,4,3,3,3,3,3,3,2,3,2,4,3,2,3,2,3,1,3,2,3,3,4,3,2,3,2,3,3,3,3,2,4
289,3,3,1,2,3,3,3,1,2,1,1,2,2,3,3,1,5,3,3,2,3,2,4,3,3,3,5,3,3,3,3,1,1,3,3,3,1,2,2,2,4,2,2,2,2,3,2,3
290,3,3,2,2,4,2,2,2,2,2,2,2,2,2,2,2,2,2,2,2,2,2,2,2,2,2,2,2,2,2,2,2,2,2,2,2,4,3,4,3,2,2,2,2,4,2,2,3
291,5,4,2,3,3,3,3,2,5,2,2,2,1,2,2,1,4,4,5,2,3,3,4,2,2,2,5,5,2,2,1,1,2,3,3,3,1,3,5,1,4,2,2,2,4,2,1,2
292,1,5,1,1,2,5,5,2,2,1,1,4,2,3,2,1,4,4,4,4,2,3,4,3,2,2,5,5,4,4,2,1,2,4,4,4,1,2,4,4,4,2,4,2,4,2,1,4
293,1,1,5,1,2,3,4,4,2,1,1,1,1,1,1,1,5,2,4,1,4,3,4,1,2,4,3,5,3,4,1,3,1,2,5,1,1,2,4,3,4,2,3,3,2,3,1,4
294,2,4,2,4,3,3,3,2,5,2,2,2,2,2,2,2,4,3,4,2,2,2,5,4,4,1,1,4,5,3,2,2,1,2,3,2,4,4,5,2,4,1,2,1,4,2,2,4
295,3,4,2,3,3,3,3,3,2,3,2,3,3,2,3,3,3,3,3,2,3,3,3,3,3,3,3,3,2,3,3,3,3,3,3,3,4,3,3,4,4,3,3,2,3,3,3,3
296,1,4,1,2,2,3,2,2,1,2,3,2,2,1,1,1,2,2,5,1,1,2,2,3,4,2,5,5,5,3,1,2,4,2,2,3,4,1,1,4,4,1,1,2,4,1,2,5
297,3,3,1,2,3,3,4,2,1,2,2,3,2,2,3,1,3,1,3,2,1,2,3,3,3,3,2,4,3,4,3,1,3,4,2,3,1,3,2,2,2,1,3,4,2,3,1,3
298,3,2,3,3,3,3,3,3,4,2,2,3,3,2,1,3,3,3,3,3,4,3,5,1,2,2,3,5,3,3,3,3,1,4,3,1,1,2,2,2,2,2,3,3,2,2,3,2
299,2,2,3,3,4,3,3,3,2,2,2,2,2,2,2,1,3,3,3,1,3,3,5,3,2,2,5,3,3,4,3,2,2,2,4,2,3,4,5,4,2,2,4,4,4,4,3,4
300,1,5,1,1,2,4,4,2,2,2,2,2,1,1,2,1,5,5,5,5,5,5,4,2,4,1,5,5,4,2,2,2,1,1,5,1,5,1,5,4,5,1,1,5,1,4,1,1
301,3,2,4,2,1,3,3,2,3,2,2,2,3,2,3,2,4,2,2,2,2,2,2,2,2,2,2,2,1,2,2,2,1,4,2,2,2,2,2,2,2,2,2,1,1,1,1,4
302,2,4,1,2,3,1,1,2,3,1,1,2,2,1,1,3,2,1,2,1,1,1,3,4,2,2,2,2,2,3,3,3,4,2,3,2,2,1,1,4,1,1,3,1,1,2,3,3
303,2,3,2,2,2,2,3,2,2,2,2,2,2,2,2,2,4,2,3,2,2,2,3,3,3,2,4,4,3,3,3,3,3,2,2,2,3,3,4,3,3,2,3,3,3,3,2,3
304,1,5,1,2,2,2,2,1,4,2,2,2,2,2,2,2,3,3,3,2,3,2,3,4,2,3,5,4,3,3,2,2,3,2,2,2,4,1,5,4,3,1,3,2,3,2,2,2
305,2,2,1,3,3,2,3,2,2,1,2,3,3,3,2,2,4,3,3,3,3,3,3,3,3,3,5,3,3,3,3,1,3,3,3,3,3,4,4,3,3,3,3,3,5,2,2,5
306,3,5,5,4,5,4,5,5,5,5,5,5,5,5,5,5,5,5,5,5,5,5,5,5,5,5,5,5,5,5,5,5,1,5,5,5,5,5,5,5,5,5,5,5,5,5,5,4
307,2,2,1,1,2,1,1,2,2,1,2,1,2,1,1,1,1,2,2,2,1,2,1,1,1,2,2,1,2,1,2,1,1,1,2,2,2,1,1,1,1,2,2,2,2,2,1,1
308,2,4,1,2,3,2,2,1,4,4,4,4,1,2,4,1,2,4,4,2,2,2,4,2,2,2,4,4,4,4,2,2,5,4,2,4,2,4,4,2,2,1,4,2,3,3,2,4
309,2,4,4,2,2,3,3,3,3,2,2,3,3,3,3,2,3,3,3,3,3,3,3,3,3,3,3,4,3,3,3,3,3,3,3,3,3,3,4,2,2,2,3,3,2,2,2,4
310,3,5,2,4,2,3,3,4,4,2,2,2,2,2,1,1,3,2,3,2,2,2,2,3,3,4,2,3,3,4,2,2,2,3,3,2,3,4,4,2,3,2,2,2,2,4,1,3
311,3,2,3,1,3,3,3,1,4,2,2,2,3,2,2,2,3,3,3,2,3,2,3,3,2,2,3,3,3,2,3,2,2,3,4,3,3,3,3,2,4,2,2,3,2,2,2,3
312,1,5,1,3,5,1,1,1,5,2,2,2,1,1,3,1,5,4,4,1,1,1,5,4,1,2,5,5,5,2,1,1,3,1,1,2,2,2,5,3,4,1,1,1,3,1,1,1
313,1,3,2,3,3,2,3,1,4,2,2,3,2,2,2,2,3,2,3,2,2,2,3,4,2,3,4,3,3,3,3,3,3,3,2,2,3,3,4,2,3,2,3,4,1,2,1,2
314,1,4,1,2,4,5,5,3,1,2,2,1,1,1,3,2,4,5,5,5,5,4,2,5,1,5,5,5,5,3,4,1,1,3,5,5,5,4,5,2,3,2,4,3,3,2,1,2
315,1,4,1,3,4,2,2,2,4,3,3,1,2,2,2,2,3,3,3,1,3,2,2,4,3,5,3,3,2,3,2,2,5,2,5,3,4,2,4,4,4,2,2,2,3,2,2,2
316,1,4,3,3,4,3,5,2,2,2,2,4,1,2,3,1,3,3,3,3,4,2,3,3,2,3,5,5,2,3,2,3,1,3,3,4,4,4,5,2,3,2,2,5,3,2,1,4
317,3,3,3,3,3,2,2,3,2,3,2,2,2,2,2,3,3,2,2,2,2,2,3,2,2,3,4,4,2,2,4,1,3,3,2,2,4,1,2,2,3,3,3,3,5,2,2,1
318,3,3,3,2,3,1,1,1,2,1,1,3,3,2,2,1,1,2,4,1,3,3,2,4,2,3,2,5,4,5,2,2,4,1,3,1,4,4,5,2,2,2,2,4,2,3,2,3
319,3,1,5,5,5,3,2,2,5,2,2,2,2,2,3,3,4,5,5,5,5,3,2,5,3,4,5,5,5,5,2,3,1,3,3,3,4,2,3,3,3,3,2,2,3,3,2,3
320,3,3,3,3,3,3,3,3,3,3,3,3,4,4,4,4,3,4,3,3,4,4,4,4,4,4,4,3,4,4,4,4,4,4,3,4,3,3,2,2,2,4,4,4,4,4,4,4